,Date,Time,HomeTeam,AwayTeam,Home Goals,Away Goals,Winner,Home Team Shots,Away Team Shots,HT Shots on Target,AT Shots on Target,HT Fouls,AT Fouls,HT Corners,AT Corners,HT Yellow Cards,AT Yellow Cards,HT Red Cards,HT Red Cards
0,12/09/2020,12:30,Fulham,Arsenal,0,3,A,5,13,2,6,12,12,2,3,2,2,0,0
1,12/09/2020,15:00,Crystal Palace,Southampton,1,0,H,5,9,3,5,14,11,7,3,2,1,0,0
2,12/09/2020,17:30,Liverpool,Leeds,4,3,H,22,6,6,3,9,6,9,0,1,0,0,0
3,12/09/2020,20:00,West Ham,Newcastle,0,2,A,15,15,3,2,13,7,8,7,2,2,0,0
4,13/09/2020,14:00,West Brom,Leicester,0,3,A,7,13,1,7,12,9,2,5,1,1,0,0
5,13/09/2020,16:30,Tottenham,Everton,0,1,A,9,15,5,4,15,7,5,3,1,0,0,0
6,14/09/2020,20:15,Brighton,Chelsea,1,3,A,13,10,3,5,8,13,4,3,1,0,0,0
7,14/09/2020,18:00,Sheffield United,Wolves,0,2,A,9,11,2,4,13,7,12,5,2,1,0,0
8,19/09/2020,12:30,Everton,West Brom,5,2,H,17,6,7,4,9,11,11,1,1,0,0,1
9,19/09/2020,15:00,Leeds,Fulham,4,3,H,10,14,7,6,13,18,5,3,1,2,0,0
10,19/09/2020,17:30,Man United,Crystal Palace,1,3,A,13,14,4,5,13,10,9,3,2,1,0,0
11,19/09/2020,20:00,Arsenal,West Ham,2,1,H,7,14,3,3,11,13,7,5,0,1,0,0
12,20/09/2020,12:00,Southampton,Tottenham,2,5,A,14,9,7,6,16,18,3,2,4,3,0,0
13,20/09/2020,14:00,Newcastle,Brighton,0,3,A,6,13,0,6,16,15,7,1,3,0,0,1
14,20/09/2020,16:30,Chelsea,Liverpool,0,2,A,5,18,3,6,10,6,1,11,0,0,1,0
15,20/09/2020,19:00,Leicester,Burnley,4,2,H,14,16,6,5,11,13,15,4,1,2,0,0
16,21/09/2020,18:00,Aston Villa,Sheffield United,1,0,H,18,4,2,1,12,13,10,4,3,1,0,1
17,21/09/2020,20:15,Wolves,Man City,1,3,A,10,14,1,9,6,8,4,6,0,3,0,0
18,26/09/2020,12:30,Brighton,Man United,2,3,A,18,7,5,3,18,16,7,1,4,2,0,0
19,26/09/2020,15:00,Crystal Palace,Everton,1,2,A,8,10,1,5,16,15,7,6,3,1,0,0
20,26/09/2020,17:30,West Brom,Chelsea,3,3,D,9,22,3,10,8,16,3,9,1,3,0,0
21,26/09/2020,20:00,Burnley,Southampton,0,1,A,10,5,2,1,8,10,8,2,1,0,0,0
22,27/09/2020,12:00,Sheffield United,Leeds,0,1,A,14,17,4,9,18,4,5,7,2,1,0,0
23,27/09/2020,14:00,Tottenham,Newcastle,1,1,D,23,6,12,1,15,9,10,4,1,4,0,0
24,27/09/2020,16:30,Man City,Leicester,2,5,A,16,7,5,7,13,8,3,4,1,3,0,0
25,27/09/2020,19:00,West Ham,Wolves,4,0,H,15,11,7,2,7,11,1,3,0,1,0,0
26,28/09/2020,17:45,Fulham,Aston Villa,0,3,A,16,12,3,5,18,14,5,3,6,3,0,0
27,28/09/2020,20:00,Liverpool,Arsenal,3,1,H,21,4,8,3,11,7,7,3,2,2,0,0
28,03/10/2020,12:30,Chelsea,Crystal Palace,4,0,H,17,4,6,0,17,13,8,5,2,0,0,0
29,03/10/2020,15:00,Everton,Brighton,4,2,H,11,11,6,3,13,14,3,10,0,1,0,0
30,03/10/2020,17:30,Leeds,Man City,1,1,D,12,23,7,2,11,12,7,10,2,1,0,0
31,03/10/2020,20:00,Newcastle,Burnley,3,1,H,10,7,5,3,13,17,3,4,2,3,0,0
32,04/10/2020,12:00,Leicester,West Ham,0,3,A,4,14,0,6,11,8,6,4,2,2,0,0
33,04/10/2020,12:00,Southampton,West Brom,2,0,H,13,5,7,2,19,10,5,1,2,1,0,0
34,04/10/2020,14:00,Arsenal,Sheffield United,2,1,H,6,6,5,2,3,9,2,4,0,1,0,0
35,04/10/2020,14:00,Wolves,Fulham,1,0,H,14,10,5,2,15,8,6,2,1,1,0,0
36,04/10/2020,16:30,Man United,Tottenham,1,6,A,5,22,2,8,14,10,2,4,2,1,1,0
37,04/10/2020,19:15,Aston Villa,Liverpool,7,2,H,18,14,11,8,7,10,2,7,2,1,0,0
38,17/10/2020,12:30,Everton,Liverpool,2,2,D,11,22,5,8,15,9,2,5,3,2,1,0
39,17/10/2020,15:00,Chelsea,Southampton,3,3,D,11,13,5,6,11,9,6,2,1,1,0,0
40,17/10/2020,17:30,Man City,Arsenal,1,0,H,13,11,5,3,15,10,6,6,4,1,0,0
41,17/10/2020,20:00,Newcastle,Man United,1,4,A,7,28,4,14,9,12,0,7,1,1,0,0
42,18/10/2020,12:00,Sheffield United,Fulham,1,1,D,10,15,6,6,5,9,2,5,0,2,0,0
43,18/10/2020,14:00,Crystal Palace,Brighton,1,1,D,1,20,1,3,13,12,2,5,3,2,0,1
44,18/10/2020,16:30,Tottenham,West Ham,3,3,D,11,13,6,4,13,12,3,7,0,5,0,0
45,18/10/2020,19:15,Leicester,Aston Villa,0,1,A,11,10,5,4,18,18,2,7,4,3,0,0
46,19/10/2020,17:30,West Brom,Burnley,0,0,D,13,9,6,4,15,17,8,2,2,2,0,0
47,19/10/2020,20:00,Leeds,Wolves,0,1,A,13,7,2,3,13,12,8,3,2,1,0,0
48,23/10/2020,20:00,Aston Villa,Leeds,0,3,A,12,27,4,9,14,17,6,5,2,2,0,0
49,24/10/2020,12:30,West Ham,Man City,1,1,D,6,14,2,7,14,6,2,10,2,0,0,0
50,24/10/2020,15:00,Fulham,Crystal Palace,1,2,A,16,14,3,10,11,11,4,4,0,1,1,0
51,24/10/2020,17:30,Man United,Chelsea,0,0,D,14,6,4,1,8,6,9,6,3,1,0,0
52,24/10/2020,20:00,Liverpool,Sheffield United,2,1,H,17,13,5,2,7,15,7,3,0,3,0,0
53,25/10/2020,14:00,Southampton,Everton,2,0,H,12,6,6,2,11,11,4,5,1,2,0,1
54,25/10/2020,16:30,Wolves,Newcastle,1,1,D,16,5,3,2,10,10,2,3,0,1,0,0
55,25/10/2020,19:15,Arsenal,Leicester,0,1,A,12,6,4,2,13,9,9,3,3,5,0,0
56,26/10/2020,17:30,Brighton,West Brom,1,1,D,5,9,3,3,14,7,6,2,2,0,0,0
57,26/10/2020,20:00,Burnley,Tottenham,0,1,A,13,9,4,3,9,7,4,5,2,0,0,0
58,30/10/2020,20:00,Wolves,Crystal Palace,2,0,H,15,11,5,2,13,4,7,6,0,2,0,1
59,31/10/2020,12:30,Sheffield United,Man City,0,1,A,5,16,1,8,14,6,2,5,0,0,0,0
60,31/10/2020,15:00,Burnley,Chelsea,0,3,A,5,14,0,9,10,15,3,4,1,0,0,0
61,31/10/2020,17:30,Liverpool,West Ham,2,1,H,9,4,5,3,13,14,1,2,0,1,0,0
62,01/11/2020,12:00,Aston Villa,Southampton,3,4,A,19,9,10,4,12,17,11,1,1,2,0,0
63,01/11/2020,14:00,Newcastle,Everton,2,1,H,11,15,4,4,9,10,5,4,2,4,0,0
64,01/11/2020,16:30,Man United,Arsenal,0,1,A,8,7,2,2,12,12,6,3,3,3,0,0
65,01/11/2020,19:15,Tottenham,Brighton,2,1,H,9,6,3,2,14,13,4,5,2,1,0,0
66,02/11/2020,17:30,Fulham,West Brom,2,0,H,13,10,6,1,13,11,5,2,3,2,0,0
67,02/11/2020,20:00,Leeds,Leicester,1,4,A,11,10,4,8,9,5,10,3,1,1,0,0
68,06/11/2020,17:30,Brighton,Burnley,0,0,D,19,4,3,1,11,5,5,3,1,0,0,0
69,06/11/2020,20:00,Southampton,Newcastle,2,0,H,15,4,8,2,12,11,8,3,1,2,0,0
70,07/11/2020,12:30,Everton,Man United,1,3,A,7,13,1,5,12,19,5,2,4,2,0,0
71,07/11/2020,15:00,Crystal Palace,Leeds,4,1,H,10,9,6,3,9,1,3,6,0,2,0,0
72,07/11/2020,17:30,Chelsea,Sheffield United,4,1,H,20,6,9,3,5,14,6,7,0,2,0,0
73,07/11/2020,20:00,West Ham,Fulham,1,0,H,16,13,7,3,10,9,9,5,2,2,0,0
74,08/11/2020,12:00,West Brom,Tottenham,0,1,A,12,19,2,5,17,12,9,6,1,0,0,0
75,08/11/2020,14:00,Leicester,Wolves,1,0,H,10,7,3,2,12,8,6,3,2,3,0,0
76,08/11/2020,16:30,Man City,Liverpool,1,1,D,7,10,2,3,19,11,1,2,3,1,0,0
77,08/11/2020,19:15,Arsenal,Aston Villa,0,3,A,13,15,2,6,11,13,3,8,0,0,0,0
78,21/11/2020,12:30,Newcastle,Chelsea,0,2,A,8,14,1,3,11,12,7,4,2,0,0,0
79,21/11/2020,15:00,Aston Villa,Brighton,1,2,A,15,7,4,3,5,18,12,3,2,1,0,1
80,21/11/2020,17:30,Tottenham,Man City,2,0,H,4,22,2,5,13,19,0,10,2,2,0,0
81,21/11/2020,20:00,Man United,West Brom,1,0,H,17,7,7,2,12,17,8,2,1,1,0,0
82,22/11/2020,12:00,Fulham,Everton,2,3,A,14,9,6,7,14,10,2,5,2,0,0,0
83,22/11/2020,14:00,Sheffield United,West Ham,0,1,A,9,15,5,3,7,6,2,6,0,0,0,0
84,22/11/2020,16:30,Leeds,Arsenal,0,0,D,25,9,4,2,9,8,5,3,3,0,0,1
85,22/11/2020,19:15,Liverpool,Leicester,3,0,H,24,11,13,4,15,6,10,3,0,2,0,0
86,23/11/2020,17:30,Burnley,Crystal Palace,1,0,H,10,15,4,5,13,9,4,7,2,0,0,0
87,23/11/2020,20:00,Wolves,Southampton,1,1,D,20,7,9,2,14,13,7,4,2,0,0,0
88,27/11/2020,20:00,Crystal Palace,Newcastle,0,2,A,12,14,3,7,9,10,7,3,2,2,0,0
89,28/11/2020,12:30,Brighton,Liverpool,1,1,D,11,6,3,2,9,13,4,3,2,1,0,0
90,28/11/2020,15:00,Man City,Burnley,5,0,H,19,9,6,1,12,4,6,4,0,0,0,0
91,28/11/2020,17:30,Everton,Leeds,0,1,A,15,23,8,7,8,14,4,2,1,2,0,0
92,28/11/2020,20:00,West Brom,Sheffield United,1,0,H,17,21,6,5,10,9,14,9,2,3,0,0
93,29/11/2020,14:00,Southampton,Man United,2,3,A,10,15,5,6,12,12,5,9,1,0,0,0
94,29/11/2020,16:30,Chelsea,Tottenham,0,0,D,13,5,3,1,20,9,3,3,4,2,0,0
95,29/11/2020,19:15,Arsenal,Wolves,1,2,A,13,11,2,5,13,13,8,4,3,4,0,0
96,30/11/2020,17:30,Leicester,Fulham,1,2,A,16,10,3,5,9,21,6,5,0,2,0,0
97,30/11/2020,20:00,West Ham,Aston Villa,2,1,H,6,16,2,6,20,7,3,7,1,1,0,0
98,05/12/2020,12:30,Burnley,Everton,1,1,D,8,13,3,6,6,9,8,4,0,0,0,0
99,05/12/2020,15:00,Man City,Fulham,2,0,H,16,6,6,1,7,6,9,3,0,0,0,0
100,05/12/2020,17:30,West Ham,Man United,1,3,A,19,15,6,6,9,10,5,4,0,0,0,0
101,05/12/2020,20:00,Chelsea,Leeds,3,1,H,23,8,11,3,12,9,8,4,0,2,0,0
102,06/12/2020,12:00,West Brom,Crystal Palace,1,5,A,9,18,4,6,10,16,4,6,2,2,1,0
103,06/12/2020,14:15,Sheffield United,Leicester,1,2,A,4,13,1,4,13,6,6,5,1,3,0,0
104,06/12/2020,16:30,Tottenham,Arsenal,2,0,H,6,11,3,2,16,12,3,9,1,2,0,0
105,06/12/2020,19:15,Liverpool,Wolves,4,0,H,11,9,6,3,8,14,4,6,1,1,0,0
106,07/12/2020,20:00,Brighton,Southampton,1,2,A,12,10,4,3,12,12,4,3,3,3,0,0
107,11/12/2020,20:00,Leeds,West Ham,1,2,A,13,19,7,8,12,10,5,6,1,2,0,0
108,12/12/2020,12:30,Wolves,Aston Villa,0,1,A,16,13,7,2,23,15,5,8,2,5,0,0
109,12/12/2020,15:00,Newcastle,West Brom,2,1,H,12,13,7,3,9,12,4,3,2,3,0,0
110,12/12/2020,17:30,Man United,Man City,0,0,D,11,9,2,2,13,6,4,3,1,1,0,0
111,12/12/2020,20:00,Everton,Chelsea,1,0,H,9,10,4,3,10,11,6,6,2,3,0,0
112,13/12/2020,12:00,Southampton,Sheffield United,3,0,H,16,3,6,0,8,14,8,4,0,1,0,0
113,13/12/2020,14:15,Crystal Palace,Tottenham,1,1,D,16,14,5,6,15,11,4,7,1,1,0,0
114,13/12/2020,16:30,Fulham,Liverpool,1,1,D,10,12,5,6,9,5,6,8,3,1,0,0
115,13/12/2020,19:15,Arsenal,Burnley,0,1,A,18,10,6,2,5,11,13,4,2,1,1,0
116,13/12/2020,19:15,Leicester,Brighton,3,0,H,15,12,6,4,9,11,9,5,2,1,0,0
117,15/12/2020,18:00,Wolves,Chelsea,2,1,H,12,13,4,3,12,12,5,6,2,2,0,0
118,15/12/2020,20:00,Man City,West Brom,1,1,D,26,5,7,1,5,8,13,2,2,3,0,0
119,16/12/2020,18:00,Arsenal,Southampton,1,1,D,9,13,4,3,13,13,2,7,1,3,1,0
120,16/12/2020,18:00,Leeds,Newcastle,5,2,H,25,10,10,4,10,13,7,4,3,1,0,0
121,16/12/2020,18:00,Leicester,Everton,0,2,A,14,11,2,6,12,9,4,6,2,3,0,0
122,16/12/2020,20:00,Fulham,Brighton,0,0,D,9,9,4,4,15,11,1,8,1,0,0,0
123,16/12/2020,20:00,Liverpool,Tottenham,2,1,H,17,8,11,2,8,9,7,4,0,2,0,0
124,16/12/2020,20:00,West Ham,Crystal Palace,1,1,D,9,8,2,2,8,12,5,3,0,1,0,1
125,17/12/2020,18:00,Aston Villa,Burnley,0,0,D,27,6,7,4,17,19,11,1,1,1,0,0
126,17/12/2020,20:00,Sheffield United,Man United,2,3,A,12,14,6,8,17,8,6,3,3,2,0,0
127,19/12/2020,12:30,Crystal Palace,Liverpool,0,7,A,5,14,3,8,5,11,5,4,1,0,0,0
128,19/12/2020,15:00,Southampton,Man City,0,1,A,9,11,3,5,9,11,6,6,2,2,0,0
129,19/12/2020,17:30,Everton,Arsenal,2,1,H,9,13,2,2,9,9,4,3,1,3,0,0
130,19/12/2020,20:00,Newcastle,Fulham,1,1,D,12,11,5,4,7,17,2,9,1,2,0,1
131,20/12/2020,12:00,Brighton,Sheffield United,1,1,D,21,5,5,3,9,11,14,2,1,5,0,1
132,20/12/2020,14:15,Tottenham,Leicester,0,2,A,8,17,3,4,15,14,5,3,2,2,0,0
133,20/12/2020,16:30,Man United,Leeds,6,2,H,26,17,14,3,6,6,11,13,1,0,0,0
134,20/12/2020,19:15,West Brom,Aston Villa,0,3,A,1,19,1,10,14,8,1,7,1,2,1,0
135,21/12/2020,17:30,Burnley,Wolves,2,1,H,10,15,4,3,11,15,1,7,2,1,0,0
136,21/12/2020,20:00,Chelsea,West Ham,3,0,H,11,6,7,0,11,6,5,4,0,0,0,0
137,26/12/2020,12:30,Leicester,Man United,2,2,D,10,9,2,4,10,17,5,0,2,1,0,0
138,26/12/2020,15:00,Aston Villa,Crystal Palace,3,0,H,21,13,10,6,18,16,4,4,1,4,1,0
139,26/12/2020,15:00,Fulham,Southampton,0,0,D,10,3,1,2,15,12,6,3,2,0,0,0
140,26/12/2020,17:30,Arsenal,Chelsea,3,1,H,15,19,7,3,13,10,7,9,2,1,0,0
141,26/12/2020,20:00,Man City,Newcastle,2,0,H,11,7,6,2,5,12,7,3,2,2,0,0
142,26/12/2020,20:00,Sheffield United,Everton,0,1,A,10,7,2,3,11,10,6,3,2,4,0,0
143,27/12/2020,12:00,Leeds,Burnley,1,0,H,11,14,4,6,8,14,4,12,0,3,0,0
144,27/12/2020,14:15,West Ham,Brighton,2,2,D,11,13,4,4,6,8,5,4,0,0,0,0
145,27/12/2020,16:30,Liverpool,West Brom,1,1,D,17,5,2,3,8,5,8,3,0,1,0,0
146,27/12/2020,19:15,Wolves,Tottenham,1,1,D,11,6,6,3,20,13,9,2,4,1,0,0
147,28/12/2020,15:00,Crystal Palace,Leicester,1,1,D,4,17,1,3,10,7,2,5,0,1,0,0
148,28/12/2020,17:30,Chelsea,Aston Villa,1,1,D,16,10,5,2,16,3,11,4,3,1,0,0
149,29/12/2020,18:00,Brighton,Arsenal,0,1,A,13,11,2,3,11,4,5,4,2,0,0,0
150,29/12/2020,18:00,Burnley,Sheffield United,1,0,H,5,7,3,3,13,17,3,5,1,2,0,0
151,29/12/2020,18:00,Southampton,West Ham,0,0,D,8,8,3,3,16,15,4,3,3,1,0,0
152,29/12/2020,18:00,West Brom,Leeds,0,5,A,4,14,1,6,7,10,3,10,0,1,0,0
153,29/12/2020,20:00,Man United,Wolves,1,0,H,11,9,3,5,11,7,2,2,1,1,0,0
154,30/12/2020,20:00,Newcastle,Liverpool,0,0,D,8,11,2,4,9,13,5,12,2,3,0,0
155,01/01/2021,17:30,Everton,West Ham,0,1,A,10,11,2,5,9,7,5,4,2,0,0,0
156,01/01/2021,20:00,Man United,Aston Villa,2,1,H,19,5,9,5,22,10,5,10,4,0,0,0
157,02/01/2021,12:30,Tottenham,Leeds,3,0,H,20,18,7,5,15,13,3,5,2,1,1,0
158,02/01/2021,15:00,Crystal Palace,Sheffield United,2,0,H,9,7,4,2,8,18,3,6,1,3,0,0
159,02/01/2021,17:30,Brighton,Wolves,3,3,D,13,11,4,4,13,8,5,8,2,1,0,0
160,02/01/2021,20:00,West Brom,Arsenal,0,4,A,7,21,3,12,7,4,3,5,1,2,0,0
161,03/01/2021,14:15,Newcastle,Leicester,1,2,A,8,9,2,3,10,11,3,6,0,2,0,0
162,03/01/2021,16:30,Chelsea,Man City,1,3,A,9,18,2,6,11,10,5,3,3,1,0,0
163,04/01/2021,20:00,Southampton,Liverpool,1,0,H,7,17,3,1,5,12,1,10,1,3,0,0
164,12/01/2021,18:00,Sheffield United,Newcastle,1,0,H,17,7,4,3,13,12,5,2,2,3,0,1
165,12/01/2021,20:15,Burnley,Man United,0,1,A,11,13,0,7,15,13,3,4,1,2,0,0
166,12/01/2021,20:15,Wolves,Everton,1,2,A,12,5,3,3,6,11,6,5,2,2,0,0
167,13/01/2021,18:00,Man City,Brighton,1,0,H,16,5,6,1,4,12,8,4,0,2,0,0
168,13/01/2021,20:15,Tottenham,Fulham,1,1,D,15,15,6,4,13,15,6,5,1,2,0,0
169,14/01/2021,20:00,Arsenal,Crystal Palace,0,0,D,11,12,4,2,10,11,7,3,1,1,0,0
170,16/01/2021,12:30,Wolves,West Brom,2,3,A,23,12,6,5,10,14,11,0,2,1,0,0
171,16/01/2021,15:00,Leeds,Brighton,0,1,A,7,7,2,2,8,9,5,2,1,1,0,0
172,16/01/2021,15:00,West Ham,Burnley,1,0,H,15,10,4,2,12,9,7,4,2,1,0,0
173,16/01/2021,17:30,Fulham,Chelsea,0,1,A,10,21,3,6,11,10,1,12,2,3,1,0
174,16/01/2021,20:00,Leicester,Southampton,2,0,H,16,8,5,3,10,11,2,5,2,2,0,0
175,17/01/2021,14:00,Sheffield United,Tottenham,1,3,A,15,14,5,5,13,4,5,7,4,0,0,0
176,17/01/2021,16:30,Liverpool,Man United,0,0,D,17,8,3,4,15,6,7,3,2,1,0,0
177,17/01/2021,19:15,Man City,Crystal Palace,4,0,H,13,2,6,0,9,8,11,1,0,0,0,0
178,18/01/2021,20:00,Arsenal,Newcastle,3,0,H,20,4,6,1,9,8,7,2,0,0,0,0
179,19/01/2021,18:00,West Ham,West Brom,2,1,H,14,6,6,2,10,10,3,1,0,1,0,0
180,19/01/2021,20:15,Leicester,Chelsea,2,0,H,8,9,6,5,7,16,6,3,1,3,0,0
181,20/01/2021,18:00,Man City,Aston Villa,2,0,H,28,11,9,4,10,9,16,2,0,2,0,0
182,20/01/2021,20:15,Fulham,Man United,1,2,A,12,15,5,5,6,10,2,8,3,1,0,0
183,21/01/2021,20:00,Liverpool,Burnley,0,1,A,27,6,6,4,11,8,12,0,2,1,0,0
184,23/01/2021,20:00,Aston Villa,Newcastle,2,0,H,14,7,5,1,9,18,5,4,0,3,0,0
185,26/01/2021,18:00,Crystal Palace,West Ham,2,3,A,6,17,3,7,9,8,3,4,0,0,0,0
186,26/01/2021,18:00,Newcastle,Leeds,1,2,A,22,9,5,2,10,15,9,5,1,3,0,0
187,26/01/2021,20:15,Southampton,Arsenal,1,3,A,13,9,5,5,11,6,4,5,1,2,0,0
188,26/01/2021,20:15,West Brom,Man City,0,5,A,4,18,1,7,8,8,3,8,2,0,0,0
189,27/01/2021,18:00,Burnley,Aston Villa,3,2,H,10,18,5,10,16,7,2,4,1,0,0,0
190,27/01/2021,18:00,Chelsea,Wolves,0,0,D,14,4,5,0,14,7,13,1,1,1,0,0
191,27/01/2021,19:30,Brighton,Fulham,0,0,D,16,10,5,3,10,14,10,0,2,1,0,0
192,27/01/2021,20:15,Everton,Leicester,1,1,D,8,19,2,6,12,10,5,11,1,1,0,0
193,27/01/2021,20:15,Man United,Sheffield United,1,2,A,16,5,4,3,10,12,7,2,1,1,0,0
194,28/01/2021,20:00,Tottenham,Liverpool,1,3,A,3,14,2,7,9,11,1,2,1,2,0,0
195,30/01/2021,12:30,Everton,Newcastle,0,2,A,11,13,3,3,13,6,7,12,3,4,0,0
196,30/01/2021,15:00,Crystal Palace,Wolves,1,0,H,11,6,2,4,7,10,1,6,1,2,0,0
197,30/01/2021,15:00,Man City,Sheffield United,1,0,H,10,4,5,1,7,10,10,0,0,3,0,0
198,30/01/2021,15:00,West Brom,Fulham,2,2,D,5,12,3,7,9,10,2,3,1,0,0,0
199,30/01/2021,17:30,Arsenal,Man United,0,0,D,17,14,3,3,9,16,4,7,1,3,0,0
200,30/01/2021,20:00,Southampton,Aston Villa,0,1,A,20,8,5,4,12,11,7,1,1,0,0,0
201,31/01/2021,12:00,Chelsea,Burnley,2,0,H,19,1,8,0,7,9,4,2,0,1,0,0
202,31/01/2021,14:00,Leicester,Leeds,1,3,A,18,8,8,7,17,16,6,4,0,3,0,0
203,31/01/2021,16:30,West Ham,Liverpool,1,3,A,8,14,2,5,7,8,6,5,2,0,0,0
204,31/01/2021,19:15,Brighton,Tottenham,1,0,H,16,8,5,4,11,11,9,2,2,1,0,0
205,02/02/2021,18:00,Sheffield United,West Brom,2,1,H,14,8,6,4,11,9,9,2,2,1,0,0
206,02/02/2021,18:00,Wolves,Arsenal,2,1,H,11,9,7,3,11,8,9,6,3,2,0,2
207,02/02/2021,20:15,Man United,Southampton,9,0,H,24,3,14,1,11,6,5,3,2,3,0,2
208,02/02/2021,20:15,Newcastle,Crystal Palace,1,2,A,21,6,5,3,14,11,9,1,1,3,0,0
209,03/02/2021,18:00,Burnley,Man City,0,2,A,2,17,0,6,8,5,1,3,2,1,0,0
210,03/02/2021,18:00,Fulham,Leicester,0,2,A,8,9,1,5,17,10,5,2,3,1,0,0
211,03/02/2021,19:30,Leeds,Everton,1,2,A,16,10,7,6,12,12,7,1,2,3,0,0
212,03/02/2021,20:15,Aston Villa,West Ham,1,3,A,9,20,2,10,11,15,7,3,1,1,0,0
213,03/02/2021,20:15,Liverpool,Brighton,0,1,A,11,13,1,4,12,6,6,3,1,0,0,0
214,04/02/2021,20:00,Tottenham,Chelsea,0,1,A,7,18,2,2,20,14,2,7,2,3,0,0
215,06/02/2021,12:30,Aston Villa,Arsenal,1,0,H,12,14,8,3,12,12,3,7,3,2,0,0
216,06/02/2021,15:00,Burnley,Brighton,1,1,D,20,10,7,2,8,10,8,7,2,0,0,0
217,06/02/2021,15:00,Newcastle,Southampton,3,2,H,6,14,4,5,11,14,0,7,2,1,1,0
218,06/02/2021,17:30,Fulham,West Ham,0,0,D,20,8,2,1,11,10,7,3,1,2,0,1
219,06/02/2021,20:00,Man United,Everton,3,3,D,14,6,5,3,14,10,5,1,2,1,0,0
220,07/02/2021,12:00,Tottenham,West Brom,2,0,H,13,4,6,1,16,12,8,0,1,2,0,0
221,07/02/2021,14:00,Wolves,Leicester,0,0,D,13,13,1,3,11,15,8,2,1,3,0,0
222,07/02/2021,16:30,Liverpool,Man City,1,4,A,8,8,3,5,13,8,6,1,2,1,0,0
223,07/02/2021,19:15,Sheffield United,Chelsea,1,2,A,8,9,3,3,8,8,1,8,1,0,0,0
224,08/02/2021,20:00,Leeds,Crystal Palace,2,0,H,17,8,7,3,7,8,5,3,0,2,0,0
225,13/02/2021,12:30,Leicester,Liverpool,3,1,H,11,15,6,4,9,6,2,12,1,2,0,0
226,13/02/2021,15:00,Crystal Palace,Burnley,0,3,A,13,16,3,4,15,14,7,4,0,0,0,0
227,13/02/2021,17:30,Man City,Tottenham,3,0,H,15,7,6,3,12,13,4,2,1,3,0,0
228,13/02/2021,20:00,Brighton,Aston Villa,0,0,D,26,4,9,1,16,12,9,2,2,3,0,0
229,14/02/2021,12:00,Southampton,Wolves,1,2,A,7,10,3,4,10,9,4,6,2,2,0,0
230,14/02/2021,14:00,West Brom,Man United,1,1,D,7,10,3,7,13,10,4,5,5,0,0,0
231,14/02/2021,16:30,Arsenal,Leeds,4,2,H,13,9,5,5,8,17,4,5,0,2,0,0
232,14/02/2021,19:00,Everton,Fulham,0,2,A,7,12,2,3,7,16,5,4,1,1,0,0
233,15/02/2021,18:00,West Ham,Sheffield United,3,0,H,13,8,9,5,11,12,7,7,0,2,0,0
234,15/02/2021,20:00,Chelsea,Newcastle,2,0,H,18,10,5,4,9,13,10,5,0,0,0,0
235,17/02/2021,18:00,Burnley,Fulham,1,1,D,8,8,3,3,7,13,5,5,1,1,0,0
236,17/02/2021,20:15,Everton,Man City,1,3,A,3,16,2,7,8,8,0,10,2,1,0,0
237,19/02/2021,20:00,Wolves,Leeds,1,0,H,15,18,5,7,13,8,7,9,1,0,0,0
238,20/02/2021,12:30,Southampton,Chelsea,1,1,D,4,9,1,3,10,10,3,6,1,1,0,0
239,20/02/2021,15:00,Burnley,West Brom,0,0,D,6,10,1,3,16,10,5,5,3,0,0,1
240,20/02/2021,17:30,Liverpool,Everton,0,2,A,15,9,6,6,10,10,7,2,2,1,0,0
241,20/02/2021,20:00,Fulham,Sheffield United,1,0,H,15,4,7,2,11,14,6,4,1,2,0,0
242,21/02/2021,12:00,West Ham,Tottenham,2,1,H,4,20,4,4,14,7,5,7,4,3,0,0
243,21/02/2021,14:05,Aston Villa,Leicester,1,2,A,11,16,2,7,11,12,7,8,2,1,0,0
244,21/02/2021,16:30,Arsenal,Man City,0,1,A,7,15,1,3,11,9,1,3,2,2,0,0
245,21/02/2021,19:00,Man United,Newcastle,3,1,H,15,10,7,6,9,11,6,4,1,2,0,0
246,22/02/2021,20:00,Brighton,Crystal Palace,1,2,A,25,3,5,2,11,6,13,0,2,0,0,0
247,23/02/2021,18:00,Leeds,Southampton,3,0,H,11,13,7,5,11,13,2,4,1,2,0,0
248,27/02/2021,12:30,Man City,West Ham,2,1,H,10,9,3,3,8,11,4,2,1,1,0,0
249,27/02/2021,15:00,West Brom,Brighton,1,0,H,6,15,2,6,11,12,7,4,0,0,0,0
250,27/02/2021,17:30,Leeds,Aston Villa,0,1,A,13,9,3,4,14,14,7,5,3,2,0,0
251,27/02/2021,20:00,Newcastle,Wolves,1,1,D,19,14,7,4,11,13,3,5,2,0,0,0
252,28/02/2021,12:00,Crystal Palace,Fulham,0,0,D,3,16,0,4,10,14,1,3,1,1,0,0
253,28/02/2021,12:00,Leicester,Arsenal,1,3,A,8,12,3,4,15,3,2,7,2,1,0,0
254,28/02/2021,14:00,Tottenham,Burnley,4,0,H,16,10,7,3,6,10,3,4,0,0,0,0
255,28/02/2021,16:30,Chelsea,Man United,0,0,D,18,11,6,4,11,12,3,4,1,2,0,0
256,28/02/2021,19:15,Sheffield United,Liverpool,0,2,A,8,16,2,8,9,9,4,3,0,0,0,0
257,01/03/2021,20:00,Everton,Southampton,1,0,H,7,9,1,1,13,9,4,10,0,2,0,0
258,02/03/2021,20:00,Man City,Wolves,4,1,H,22,6,10,1,9,5,10,2,0,1,0,0
259,03/03/2021,18:00,Burnley,Leicester,1,1,D,12,15,7,4,6,12,5,8,0,2,0,0
260,03/03/2021,18:00,Sheffield United,Aston Villa,1,0,H,9,16,2,4,13,6,2,7,1,0,1,0
261,03/03/2021,20:15,Crystal Palace,Man United,0,0,D,8,11,2,1,4,13,4,6,1,0,0,0
262,04/03/2021,18:00,Fulham,Tottenham,0,1,A,11,9,3,2,13,9,4,1,2,1,0,0
263,04/03/2021,18:00,West Brom,Everton,0,1,A,11,11,3,3,9,7,3,3,3,1,0,0
264,04/03/2021,20:15,Liverpool,Chelsea,0,1,A,7,11,1,5,9,8,5,2,0,0,0,0
265,06/03/2021,12:30,Burnley,Arsenal,1,1,D,9,15,5,3,5,12,2,4,1,1,0,0
266,06/03/2021,15:00,Sheffield United,Southampton,0,2,A,8,15,2,5,17,11,7,3,4,3,0,0
267,06/03/2021,17:30,Aston Villa,Wolves,0,0,D,9,10,1,2,13,13,5,3,1,0,0,0
268,06/03/2021,20:00,Brighton,Leicester,1,2,A,7,8,2,4,14,8,6,6,0,1,0,0
269,07/03/2021,12:00,West Brom,Newcastle,0,0,D,13,9,3,5,11,10,9,7,0,0,0,0
270,07/03/2021,14:00,Liverpool,Fulham,0,1,A,16,10,3,3,10,8,9,4,2,3,0,0
271,07/03/2021,16:30,Man City,Man United,0,2,A,23,8,6,6,9,12,6,2,0,3,0,0
272,07/03/2021,19:15,Tottenham,Crystal Palace,4,1,H,12,5,5,1,8,17,1,5,2,3,0,0
273,08/03/2021,18:00,Chelsea,Everton,2,0,H,19,7,9,1,11,12,7,3,0,3,0,0
274,08/03/2021,20:00,West Ham,Leeds,2,0,H,16,17,5,2,9,9,6,6,1,1,0,0
275,10/03/2021,18:00,Man City,Southampton,5,2,H,17,11,10,6,6,4,5,5,1,0,0,0
276,12/03/2021,20:00,Newcastle,Aston Villa,1,1,D,12,15,3,6,10,10,2,2,2,3,0,0
277,13/03/2021,12:30,Leeds,Chelsea,0,0,D,7,15,4,8,16,6,8,5,3,0,0,0
278,13/03/2021,15:00,Crystal Palace,West Brom,1,0,H,6,12,4,1,16,15,3,2,3,1,0,0
279,13/03/2021,17:30,Everton,Burnley,1,2,A,14,14,4,5,9,6,7,4,0,4,0,0
280,13/03/2021,20:00,Fulham,Man City,0,3,A,3,8,0,7,14,13,4,2,0,0,0,0
281,14/03/2021,12:00,Southampton,Brighton,1,2,A,9,8,4,6,11,10,4,5,0,0,0,0
282,14/03/2021,14:00,Leicester,Sheffield United,5,0,H,19,1,10,0,10,9,9,1,0,2,0,0
283,14/03/2021,16:30,Arsenal,Tottenham,2,1,H,13,6,3,3,12,14,6,3,1,2,0,1
284,14/03/2021,19:15,Man United,West Ham,1,0,H,15,7,4,0,12,2,6,3,4,0,0,0
285,15/03/2021,20:00,Wolves,Liverpool,0,1,A,10,12,5,4,17,10,3,2,2,1,0,0
286,19/03/2021,20:00,Fulham,Leeds,1,2,A,13,13,6,4,13,12,13,7,2,2,0,0
287,20/03/2021,20:00,Brighton,Newcastle,3,0,H,11,3,6,1,12,5,3,1,0,1,0,0
288,21/03/2021,15:00,West Ham,Arsenal,3,3,D,15,16,5,7,18,8,3,5,3,1,0,0
289,21/03/2021,19:30,Aston Villa,Tottenham,0,2,A,8,9,1,3,18,13,5,8,3,2,0,0
290,03/04/2021,12:30,Chelsea,West Brom,2,5,A,18,14,8,7,11,6,10,3,1,1,1,0
291,03/04/2021,15:00,Leeds,Sheffield United,2,1,H,23,9,8,1,12,13,5,7,1,2,0,0
292,03/04/2021,17:30,Leicester,Man City,0,2,A,5,11,2,4,13,12,1,1,2,3,0,0
293,03/04/2021,20:00,Arsenal,Liverpool,0,3,A,3,16,2,7,10,10,1,2,1,1,0,0
294,04/04/2021,12:00,Southampton,Burnley,3,2,H,24,7,9,5,11,10,6,7,0,0,0,0
295,04/04/2021,14:05,Newcastle,Tottenham,2,2,D,22,11,6,5,13,14,7,3,3,2,0,0
296,04/04/2021,16:30,Aston Villa,Fulham,3,1,H,14,15,4,7,14,20,4,4,1,2,0,0
297,04/04/2021,19:30,Man United,Brighton,2,1,H,15,5,7,3,14,7,5,6,2,2,0,0
298,05/04/2021,18:00,Everton,Crystal Palace,1,1,D,15,13,7,6,10,10,3,4,2,0,0,0
299,05/04/2021,20:15,Wolves,West Ham,2,3,A,20,9,5,6,9,9,4,2,1,4,0,0
300,09/04/2021,20:00,Fulham,Wolves,0,1,A,14,7,3,3,11,8,3,4,0,0,0,0
301,10/04/2021,12:30,Man City,Leeds,1,2,A,29,2,7,2,12,15,9,3,3,1,0,1
302,10/04/2021,15:00,Liverpool,Aston Villa,2,1,H,23,9,10,5,16,11,7,0,2,4,0,0
303,10/04/2021,17:30,Crystal Palace,Chelsea,1,4,A,1,23,1,10,7,12,0,8,1,0,0,0
304,11/04/2021,12:00,Burnley,Newcastle,1,2,A,24,10,4,5,11,12,13,3,1,0,0,0
305,11/04/2021,14:05,West Ham,Leicester,3,2,H,4,15,4,5,7,13,1,9,3,3,0,0
306,11/04/2021,16:30,Tottenham,Man United,1,3,A,12,12,3,7,11,15,7,5,1,5,0,0
307,11/04/2021,19:00,Sheffield United,Arsenal,0,3,A,7,14,2,5,9,6,2,4,1,1,0,0
308,12/04/2021,18:00,West Brom,Southampton,3,0,H,15,14,6,4,12,11,5,10,0,1,0,0
309,12/04/2021,20:15,Brighton,Everton,0,0,D,23,8,3,1,12,7,10,3,1,2,0,0
310,16/04/2021,20:00,Everton,Tottenham,2,2,D,18,12,7,3,8,8,6,3,1,1,0,0
311,17/04/2021,12:30,Newcastle,West Ham,3,2,H,16,16,8,6,9,7,3,8,2,0,0,1
312,17/04/2021,20:15,Wolves,Sheffield United,1,0,H,10,8,5,2,8,15,3,3,1,2,0,0
313,18/04/2021,13:30,Arsenal,Fulham,1,1,D,18,3,5,1,9,11,11,1,0,3,0,0
314,18/04/2021,16:00,Man United,Burnley,3,1,H,17,10,9,3,9,12,8,3,1,2,0,0
315,19/04/2021,20:00,Leeds,Liverpool,1,1,D,12,17,5,7,17,15,10,8,2,1,0,0
316,20/04/2021,20:00,Chelsea,Brighton,0,0,D,7,11,4,2,8,9,0,3,2,0,0,1
317,21/04/2021,18:00,Tottenham,Southampton,2,1,H,12,10,3,5,10,14,5,5,2,1,0,0
318,21/04/2021,20:15,Aston Villa,Man City,1,2,A,8,13,3,3,12,7,1,11,0,1,1,1
319,22/04/2021,20:00,Leicester,West Brom,3,0,H,17,4,7,1,13,12,7,3,0,2,0,0
320,23/04/2021,20:00,Arsenal,Everton,0,1,A,14,8,3,1,13,10,7,3,1,3,0,0
321,24/04/2021,12:30,Liverpool,Newcastle,1,1,D,22,7,9,4,9,7,6,3,2,1,0,0
322,24/04/2021,17:30,West Ham,Chelsea,0,1,A,9,17,2,6,9,11,4,2,0,4,1,0
323,24/04/2021,20:00,Sheffield United,Brighton,1,0,H,7,17,3,4,13,7,2,12,3,0,0,0
324,25/04/2021,12:00,Wolves,Burnley,0,4,A,12,14,2,7,8,9,8,5,1,2,0,0
325,25/04/2021,14:00,Leeds,Man United,0,0,D,6,16,3,4,21,11,2,6,4,1,0,0
326,25/04/2021,19:00,Aston Villa,West Brom,2,2,D,24,10,11,4,14,9,11,4,0,2,0,0
327,26/04/2021,20:00,Leicester,Crystal Palace,2,1,H,13,4,5,2,13,12,7,2,0,1,0,0
328,30/04/2021,20:00,Southampton,Leicester,1,1,D,5,23,3,9,9,13,0,10,1,0,1,0
329,01/05/2021,12:30,Crystal Palace,Man City,0,2,A,9,20,4,3,9,10,2,6,2,0,0,0
330,01/05/2021,15:00,Brighton,Leeds,2,0,H,17,11,5,2,17,6,2,9,1,1,0,0
331,01/05/2021,17:30,Chelsea,Fulham,2,0,H,9,10,5,3,15,8,1,8,1,1,0,0
332,01/05/2021,20:00,Everton,Aston Villa,1,2,A,16,13,3,5,10,13,3,6,0,2,0,0
333,02/05/2021,14:00,Newcastle,Arsenal,0,2,A,5,19,1,5,10,9,3,7,2,1,1,0
334,02/05/2021,19:15,Tottenham,Sheffield United,4,0,H,20,8,11,1,8,9,6,6,1,1,0,0
335,03/05/2021,18:00,West Brom,Wolves,1,1,D,10,20,4,10,17,11,5,6,2,0,0,0
336,03/05/2021,20:15,Burnley,West Ham,1,2,A,8,22,3,4,4,8,5,4,2,1,0,0
337,07/05/2021,20:00,Leicester,Newcastle,2,4,A,25,14,9,6,12,9,9,6,1,1,0,0
338,08/05/2021,12:30,Leeds,Tottenham,3,1,H,16,11,7,3,12,10,8,6,1,2,0,0
339,08/05/2021,15:00,Sheffield United,Crystal Palace,0,2,A,7,21,0,8,11,8,5,11,1,1,0,0
340,08/05/2021,17:30,Man City,Chelsea,1,2,A,16,12,4,5,12,10,6,2,2,0,0,0
341,08/05/2021,20:15,Liverpool,Southampton,2,0,H,14,12,6,6,10,6,8,4,0,1,0,0
342,09/05/2021,12:00,Wolves,Brighton,2,1,H,16,5,6,3,12,7,10,5,2,2,0,2
343,09/05/2021,14:05,Aston Villa,Man United,1,3,A,11,18,5,7,13,18,5,6,1,1,1,0
344,09/05/2021,16:30,West Ham,Everton,0,1,A,11,9,0,3,8,10,5,6,2,1,0,0
345,09/05/2021,19:00,Arsenal,West Brom,3,1,H,15,12,7,1,7,9,6,6,1,2,0,0
346,10/05/2021,20:00,Fulham,Burnley,0,2,A,21,14,3,5,11,10,8,4,2,0,0,0
347,11/05/2021,18:00,Man United,Leicester,1,2,A,4,12,1,3,9,12,3,4,0,0,0,0
348,11/05/2021,20:15,Southampton,Crystal Palace,3,1,H,13,11,6,4,20,13,12,8,2,3,0,0
349,12/05/2021,20:15,Chelsea,Arsenal,0,1,A,19,5,5,2,7,6,9,1,0,1,0,0
350,13/05/2021,18:00,Aston Villa,Everton,0,0,D,13,15,2,5,9,12,9,1,2,0,0,0
351,13/05/2021,20:15,Man United,Liverpool,2,4,A,18,17,3,8,10,12,6,4,3,0,0,0
352,14/05/2021,20:00,Newcastle,Man City,3,4,A,11,15,5,6,11,10,4,5,2,2,0,0
353,15/05/2021,12:30,Burnley,Leeds,0,4,A,16,16,4,6,10,10,6,8,1,1,0,0
354,15/05/2021,15:00,Southampton,Fulham,3,1,H,11,10,7,3,9,15,6,5,0,1,0,0
355,15/05/2021,20:00,Brighton,West Ham,1,1,D,10,15,2,3,7,5,3,3,1,1,0,0
356,16/05/2021,12:00,Crystal Palace,Aston Villa,3,2,H,23,19,8,5,23,13,7,7,3,2,0,0
357,16/05/2021,14:05,Tottenham,Wolves,2,0,H,24,15,13,3,8,11,10,3,1,0,0,0
358,16/05/2021,16:30,West Brom,Liverpool,1,2,A,10,26,3,6,7,14,9,13,0,0,0,0
359,16/05/2021,19:00,Everton,Sheffield United,0,1,A,16,10,6,3,8,12,11,4,1,3,0,0
360,18/05/2021,18:00,Man United,Fulham,1,1,D,13,8,6,5,10,15,6,1,2,3,0,0
361,18/05/2021,18:00,Southampton,Leeds,0,2,A,18,15,3,7,10,12,4,5,0,3,0,0
362,18/05/2021,19:00,Brighton,Man City,3,2,H,19,8,6,4,13,11,5,3,3,3,0,1
363,18/05/2021,20:15,Chelsea,Leicester,2,1,H,17,7,6,3,15,16,6,5,2,4,0,0
364,19/05/2021,18:00,Everton,Wolves,1,0,H,14,9,4,3,11,11,7,12,0,2,0,0
365,19/05/2021,18:00,Newcastle,Sheffield United,1,0,H,16,11,5,1,7,7,5,2,0,2,0,0
366,19/05/2021,18:00,Tottenham,Aston Villa,1,2,A,10,20,4,4,14,13,4,5,1,1,0,0
367,19/05/2021,19:00,Crystal Palace,Arsenal,1,3,A,12,6,6,3,7,7,6,7,2,1,0,0
368,19/05/2021,20:15,Burnley,Liverpool,0,3,A,10,20,4,3,10,7,6,7,0,0,0,0
369,19/05/2021,20:15,West Brom,West Ham,1,3,A,14,21,4,9,8,11,6,8,2,2,0,0
370,23/05/2021,16:00,Arsenal,Brighton,2,0,H,16,5,5,1,10,8,11,3,0,0,0,0
371,23/05/2021,16:00,Aston Villa,Chelsea,2,1,H,6,23,3,7,11,12,2,9,3,3,0,1
372,23/05/2021,16:00,Fulham,Newcastle,0,2,A,14,10,0,4,12,6,5,4,1,0,0,0
373,23/05/2021,16:00,Leeds,West Brom,3,1,H,17,14,9,5,12,12,8,3,2,1,0,0
374,23/05/2021,16:00,Leicester,Tottenham,2,4,A,10,11,6,4,9,8,8,7,0,2,0,0
375,23/05/2021,16:00,Liverpool,Crystal Palace,2,0,H,19,5,5,4,10,8,14,1,2,2,0,0
376,23/05/2021,16:00,Man City,Everton,5,0,H,21,8,11,3,8,10,7,5,2,2,0,0
377,23/05/2021,16:00,Sheffield United,Burnley,1,0,H,12,10,3,3,11,1,8,9,3,1,0,0
378,23/05/2021,16:00,West Ham,Southampton,3,0,H,14,17,7,5,5,9,2,3,0,3,0,0
379,23/05/2021,16:00,Wolves,Man United,1,2,A,14,9,4,4,14,3,6,2,4,1,0,0
